0A13BDE0-C25E-4D7D-89B5-D7A645B274DA#appfire#AppMenusService#appfire#project3.app.server.service.AppMenusService#appfire#{"resourceMapping":"/AppMenus","defaultMethodType":"","defaultContentType":""}#appfire#{"repository":{"filePath":"project3/src/main/java/project3/app/server/service/AppMenusService.java","fileName":"AppMenusService.java"},"implementInterface":[],"extendsClass":[],"repositories":[{"repository":{"filePath":"project3/src/main/java/project3/app/server/repository/AppMenusRepositoryImpl.java","fileName":"AppMenusRepositoryImpl.java"},"implementInterface":[{"filePath":"project3/src/main/java/project3/app/server/repository/AppMenusRepository.java","fileName":"AppMenusRepository.java"}],"extendsClass":[{"fileName":"SearchInterfaceImpl.java","filePath":"project3/src/main/java/project3/app/server/repository/SearchInterfaceImpl.java","isDisplay":false}],"entities":{"filePath":"project3/src/main/java/project3/app/shared/authorization/AppMenus.java","fileName":"AppMenus.java"}}]}#appfire#I#appfire#UIBLEIKUKGKZYF986GJTLA#appfire#ba9dced8-453e-49a3-b627-d497a1f91b17#appfire#1#appfire#\N#appfire#2015-12-16 13:05:28#appfire#\N#appfire#2015-12-16 13:05:28#appfire#1#appfire#1#appfire#1B11E8F8-2510-4E67-BF51-3A845F798315
11ED1E82-107F-4145-B902-675018CFCA1F#appfire#RegionService#appfire#project3.app.server.service.RegionService#appfire#{"resourceMapping":"/Region","defaultMethodType":"","defaultContentType":""}#appfire#{"repository":{"filePath":"project3/src/main/java/project3/app/server/service/RegionService.java","fileName":"RegionService.java"},"implementInterface":[],"extendsClass":[],"repositories":[{"repository":{"filePath":"project3/src/main/java/project3/app/server/repository/RegionRepositoryImpl.java","fileName":"RegionRepositoryImpl.java"},"implementInterface":[{"filePath":"project3/src/main/java/project3/app/server/repository/RegionRepository.java","fileName":"RegionRepository.java"}],"extendsClass":[{"fileName":"SearchInterfaceImpl.java","filePath":"project3/src/main/java/project3/app/server/repository/SearchInterfaceImpl.java","isDisplay":false}],"entities":{"filePath":"project3/src/main/java/project3/app/shared/location/Region.java","fileName":"Region.java"}}]}#appfire#I#appfire#UIBLEIKUKGKZYF986GJTLA#appfire#ba9dced8-453e-49a3-b627-d497a1f91b17#appfire#1#appfire#\N#appfire#2015-12-16 13:05:06#appfire#\N#appfire#2015-12-16 13:05:06#appfire#1#appfire#1#appfire#583A507F-BC2C-4E45-9622-7B277E50C0C4
34BE1D4B-64A6-43EC-A481-D34897A19C0E#appfire#GenderService#appfire#project3.app.server.service.GenderService#appfire#{"resourceMapping":"/Gender","defaultMethodType":"","defaultContentType":""}#appfire#{"repository":{"filePath":"project3/src/main/java/project3/app/server/service/GenderService.java","fileName":"GenderService.java"},"implementInterface":[],"extendsClass":[],"repositories":[{"repository":{"filePath":"project3/src/main/java/project3/app/server/repository/GenderRepositoryImpl.java","fileName":"GenderRepositoryImpl.java"},"implementInterface":[{"filePath":"project3/src/main/java/project3/app/server/repository/GenderRepository.java","fileName":"GenderRepository.java"}],"extendsClass":[{"fileName":"SearchInterfaceImpl.java","filePath":"project3/src/main/java/project3/app/server/repository/SearchInterfaceImpl.java","isDisplay":false}],"entities":{"filePath":"project3/src/main/java/project3/app/shared/contacts/Gender.java","fileName":"Gender.java"}}]}#appfire#I#appfire#UIBLEIKUKGKZYF986GJTLA#appfire#ba9dced8-453e-49a3-b627-d497a1f91b17#appfire#1#appfire#\N#appfire#2015-12-16 13:05:14#appfire#\N#appfire#2015-12-16 13:05:14#appfire#1#appfire#1#appfire#DE9E5B09-45EB-4766-BD29-EDF257F86583
3BC2C3F5-8821-4CBA-B03A-A87D38C080C9#appfire#CurrencyService#appfire#project3.app.server.service.CurrencyService#appfire#{"resourceMapping":"/Currency","defaultMethodType":"","defaultContentType":""}#appfire#{"repository":{"filePath":"project3/src/main/java/project3/app/server/service/CurrencyService.java","fileName":"CurrencyService.java"},"implementInterface":[],"extendsClass":[],"repositories":[{"repository":{"filePath":"project3/src/main/java/project3/app/server/repository/CurrencyRepositoryImpl.java","fileName":"CurrencyRepositoryImpl.java"},"implementInterface":[{"filePath":"project3/src/main/java/project3/app/server/repository/CurrencyRepository.java","fileName":"CurrencyRepository.java"}],"extendsClass":[{"fileName":"SearchInterfaceImpl.java","filePath":"project3/src/main/java/project3/app/server/repository/SearchInterfaceImpl.java","isDisplay":false}],"entities":{"filePath":"project3/src/main/java/project3/app/shared/location/Currency.java","fileName":"Currency.java"}}]}#appfire#I#appfire#UIBLEIKUKGKZYF986GJTLA#appfire#ba9dced8-453e-49a3-b627-d497a1f91b17#appfire#1#appfire#\N#appfire#2015-12-16 13:05:05#appfire#\N#appfire#2015-12-16 13:05:05#appfire#1#appfire#1#appfire#73F2134F-D0D8-484F-B6B6-4EA3E6EDC63C
3CB279CE-2488-4A46-BB0D-9D1A0104421B#appfire#StateService#appfire#project3.app.server.service.StateService#appfire#{"resourceMapping":"/State","defaultMethodType":"","defaultContentType":""}#appfire#{"repository":{"filePath":"project3/src/main/java/project3/app/server/service/StateService.java","fileName":"StateService.java"},"implementInterface":[],"extendsClass":[],"repositories":[{"repository":{"filePath":"project3/src/main/java/project3/app/server/repository/StateRepositoryImpl.java","fileName":"StateRepositoryImpl.java"},"implementInterface":[{"filePath":"project3/src/main/java/project3/app/server/repository/StateRepository.java","fileName":"StateRepository.java"}],"extendsClass":[{"fileName":"SearchInterfaceImpl.java","filePath":"project3/src/main/java/project3/app/server/repository/SearchInterfaceImpl.java","isDisplay":false}],"entities":{"filePath":"project3/src/main/java/project3/app/shared/location/State.java","fileName":"State.java"}}]}#appfire#I#appfire#UIBLEIKUKGKZYF986GJTLA#appfire#ba9dced8-453e-49a3-b627-d497a1f91b17#appfire#1#appfire#\N#appfire#2015-12-16 13:05:05#appfire#\N#appfire#2015-12-16 13:05:05#appfire#1#appfire#1#appfire#5E80B811-BFC0-4609-A90B-ED1759949953
41F0C85D-D544-48DF-BF9C-9096D5CB83C1#appfire#RolesService#appfire#project3.app.server.service.RolesService#appfire#{"resourceMapping":"/Roles","defaultMethodType":"","defaultContentType":""}#appfire#{"repository":{"filePath":"project3/src/main/java/project3/app/server/service/RolesService.java","fileName":"RolesService.java"},"implementInterface":[],"extendsClass":[],"repositories":[{"repository":{"filePath":"project3/src/main/java/project3/app/server/repository/RolesRepositoryImpl.java","fileName":"RolesRepositoryImpl.java"},"implementInterface":[{"filePath":"project3/src/main/java/project3/app/server/repository/RolesRepository.java","fileName":"RolesRepository.java"}],"extendsClass":[{"fileName":"SearchInterfaceImpl.java","filePath":"project3/src/main/java/project3/app/server/repository/SearchInterfaceImpl.java","isDisplay":false}],"entities":{"filePath":"project3/src/main/java/project3/app/shared/authorization/Roles.java","fileName":"Roles.java"}}]}#appfire#I#appfire#UIBLEIKUKGKZYF986GJTLA#appfire#ba9dced8-453e-49a3-b627-d497a1f91b17#appfire#1#appfire#\N#appfire#2015-12-16 13:05:27#appfire#\N#appfire#2015-12-16 13:05:27#appfire#1#appfire#1#appfire#A87FAEDC-1C84-4C46-B15F-40402EA3088B
46BBA1C3-7A7E-48E3-8853-2A42F88D3752#appfire#PasswordPolicyService#appfire#project3.app.server.service.PasswordPolicyService#appfire#{"resourceMapping":"/PasswordPolicy","defaultMethodType":"","defaultContentType":""}#appfire#{"repository":{"filePath":"project3/src/main/java/project3/app/server/service/PasswordPolicyService.java","fileName":"PasswordPolicyService.java"},"implementInterface":[],"extendsClass":[],"repositories":[{"repository":{"filePath":"project3/src/main/java/project3/app/server/repository/PasswordPolicyRepositoryImpl.java","fileName":"PasswordPolicyRepositoryImpl.java"},"implementInterface":[{"filePath":"project3/src/main/java/project3/app/server/repository/PasswordPolicyRepository.java","fileName":"PasswordPolicyRepository.java"}],"extendsClass":[{"fileName":"SearchInterfaceImpl.java","filePath":"project3/src/main/java/project3/app/server/repository/SearchInterfaceImpl.java","isDisplay":false}],"entities":{"filePath":"project3/src/main/java/project3/app/shared/authentication/PasswordPolicy.java","fileName":"PasswordPolicy.java"}}]}#appfire#I#appfire#UIBLEIKUKGKZYF986GJTLA#appfire#ba9dced8-453e-49a3-b627-d497a1f91b17#appfire#1#appfire#\N#appfire#2015-12-16 13:05:18#appfire#\N#appfire#2015-12-16 13:05:18#appfire#1#appfire#1#appfire#9D71D59D-2097-4C92-AD39-DBA23D505398
4BC21E60-D608-45D6-8E8B-179A1839EA80#appfire#VillageService#appfire#project3.app.server.service.VillageService#appfire#{"resourceMapping":"/Village","defaultMethodType":"","defaultContentType":""}#appfire#{"repository":{"filePath":"project3/src/main/java/project3/app/server/service/VillageService.java","fileName":"VillageService.java"},"implementInterface":[],"extendsClass":[],"repositories":[{"repository":{"filePath":"project3/src/main/java/project3/app/server/repository/VillageRepositoryImpl.java","fileName":"VillageRepositoryImpl.java"},"implementInterface":[{"filePath":"project3/src/main/java/project3/app/server/repository/VillageRepository.java","fileName":"VillageRepository.java"}],"extendsClass":[{"fileName":"SearchInterfaceImpl.java","filePath":"project3/src/main/java/project3/app/server/repository/SearchInterfaceImpl.java","isDisplay":false}],"entities":{"filePath":"project3/src/main/java/project3/app/shared/location/Village.java","fileName":"Village.java"}}]}#appfire#I#appfire#UIBLEIKUKGKZYF986GJTLA#appfire#ba9dced8-453e-49a3-b627-d497a1f91b17#appfire#1#appfire#\N#appfire#2015-12-16 13:05:09#appfire#\N#appfire#2015-12-16 13:05:09#appfire#1#appfire#1#appfire#28B8F0FA-5DBA-4E61-BBB4-05C12439EB97
541BFC80-3343-4D2A-9B2C-78D8F7B72A80#appfire#DistrictService#appfire#project3.app.server.service.DistrictService#appfire#{"resourceMapping":"/District","defaultMethodType":"","defaultContentType":""}#appfire#{"repository":{"filePath":"project3/src/main/java/project3/app/server/service/DistrictService.java","fileName":"DistrictService.java"},"implementInterface":[],"extendsClass":[],"repositories":[{"repository":{"filePath":"project3/src/main/java/project3/app/server/repository/DistrictRepositoryImpl.java","fileName":"DistrictRepositoryImpl.java"},"implementInterface":[{"filePath":"project3/src/main/java/project3/app/server/repository/DistrictRepository.java","fileName":"DistrictRepository.java"}],"extendsClass":[{"fileName":"SearchInterfaceImpl.java","filePath":"project3/src/main/java/project3/app/server/repository/SearchInterfaceImpl.java","isDisplay":false}],"entities":{"filePath":"project3/src/main/java/project3/app/shared/location/District.java","fileName":"District.java"}}]}#appfire#I#appfire#UIBLEIKUKGKZYF986GJTLA#appfire#ba9dced8-453e-49a3-b627-d497a1f91b17#appfire#1#appfire#\N#appfire#2015-12-16 13:05:07#appfire#\N#appfire#2015-12-16 13:05:07#appfire#1#appfire#1#appfire#03CC6478-A04D-44F2-84EE-EB9E874423A8
5A1AF937-1DB3-48CB-9D62-0983ED815901#appfire#TalukaService#appfire#project3.app.server.service.TalukaService#appfire#{"resourceMapping":"/Taluka","defaultMethodType":"","defaultContentType":""}#appfire#{"repository":{"filePath":"project3/src/main/java/project3/app/server/service/TalukaService.java","fileName":"TalukaService.java"},"implementInterface":[],"extendsClass":[],"repositories":[{"repository":{"filePath":"project3/src/main/java/project3/app/server/repository/TalukaRepositoryImpl.java","fileName":"TalukaRepositoryImpl.java"},"implementInterface":[{"filePath":"project3/src/main/java/project3/app/server/repository/TalukaRepository.java","fileName":"TalukaRepository.java"}],"extendsClass":[{"fileName":"SearchInterfaceImpl.java","filePath":"project3/src/main/java/project3/app/server/repository/SearchInterfaceImpl.java","isDisplay":false}],"entities":{"filePath":"project3/src/main/java/project3/app/shared/location/Taluka.java","fileName":"Taluka.java"}}]}#appfire#I#appfire#UIBLEIKUKGKZYF986GJTLA#appfire#ba9dced8-453e-49a3-b627-d497a1f91b17#appfire#1#appfire#\N#appfire#2015-12-16 13:05:08#appfire#\N#appfire#2015-12-16 13:05:08#appfire#1#appfire#1#appfire#FA5E0758-0045-4B60-84C2-9F8BF6BC36B0
5C54A45D-3DA9-41FF-82B3-4D8A7EC7A80F#appfire#QuestionService#appfire#project3.app.server.service.QuestionService#appfire#{"resourceMapping":"/Question","defaultMethodType":"","defaultContentType":""}#appfire#{"repository":{"filePath":"project3/src/main/java/project3/app/server/service/QuestionService.java","fileName":"QuestionService.java"},"implementInterface":[],"extendsClass":[],"repositories":[{"repository":{"filePath":"project3/src/main/java/project3/app/server/repository/QuestionRepositoryImpl.java","fileName":"QuestionRepositoryImpl.java"},"implementInterface":[{"filePath":"project3/src/main/java/project3/app/server/repository/QuestionRepository.java","fileName":"QuestionRepository.java"}],"extendsClass":[{"fileName":"SearchInterfaceImpl.java","filePath":"project3/src/main/java/project3/app/server/repository/SearchInterfaceImpl.java","isDisplay":false}],"entities":{"filePath":"project3/src/main/java/project3/app/shared/authentication/Question.java","fileName":"Question.java"}}]}#appfire#I#appfire#UIBLEIKUKGKZYF986GJTLA#appfire#ba9dced8-453e-49a3-b627-d497a1f91b17#appfire#1#appfire#\N#appfire#2015-12-16 13:05:19#appfire#\N#appfire#2015-12-16 13:05:19#appfire#1#appfire#1#appfire#A6B7E46D-3F14-4A71-AE42-EF4D518BCA5F
68A67B97-7F5E-4668-A56A-A36AD47B4DAD#appfire#CoreContactsService#appfire#project3.app.server.service.CoreContactsService#appfire#{"resourceMapping":"/CoreContacts","defaultMethodType":"","defaultContentType":""}#appfire#{"repository":{"filePath":"project3/src/main/java/project3/app/server/service/CoreContactsService.java","fileName":"CoreContactsService.java"},"implementInterface":[],"extendsClass":[],"repositories":[{"repository":{"filePath":"project3/src/main/java/project3/app/server/repository/CoreContactsRepositoryImpl.java","fileName":"CoreContactsRepositoryImpl.java"},"implementInterface":[{"filePath":"project3/src/main/java/project3/app/server/repository/CoreContactsRepository.java","fileName":"CoreContactsRepository.java"}],"extendsClass":[{"fileName":"SearchInterfaceImpl.java","filePath":"project3/src/main/java/project3/app/server/repository/SearchInterfaceImpl.java","isDisplay":false}],"entities":{"filePath":"project3/src/main/java/project3/app/shared/contacts/CoreContacts.java","fileName":"CoreContacts.java"}}]}#appfire#I#appfire#UIBLEIKUKGKZYF986GJTLA#appfire#ba9dced8-453e-49a3-b627-d497a1f91b17#appfire#1#appfire#\N#appfire#2015-12-16 13:05:16#appfire#\N#appfire#2015-12-16 13:05:16#appfire#1#appfire#1#appfire#92A8F9E7-AF99-407F-96E8-FCF3C79D4E0C
6B435A81-3F5A-449E-A9CB-AF0B74F93E30#appfire#AddressService#appfire#project3.app.server.service.AddressService#appfire#{"resourceMapping":"/Address","defaultMethodType":"","defaultContentType":""}#appfire#{"repository":{"filePath":"project3/src/main/java/project3/app/server/service/AddressService.java","fileName":"AddressService.java"},"implementInterface":[],"extendsClass":[],"repositories":[{"repository":{"filePath":"project3/src/main/java/project3/app/server/repository/AddressRepositoryImpl.java","fileName":"AddressRepositoryImpl.java"},"implementInterface":[{"filePath":"project3/src/main/java/project3/app/server/repository/AddressRepository.java","fileName":"AddressRepository.java"}],"extendsClass":[{"fileName":"SearchInterfaceImpl.java","filePath":"project3/src/main/java/project3/app/server/repository/SearchInterfaceImpl.java","isDisplay":false}],"entities":{"filePath":"project3/src/main/java/project3/app/shared/location/Address.java","fileName":"Address.java"}}]}#appfire#I#appfire#UIBLEIKUKGKZYF986GJTLA#appfire#ba9dced8-453e-49a3-b627-d497a1f91b17#appfire#1#appfire#\N#appfire#2015-12-16 13:05:11#appfire#\N#appfire#2015-12-16 13:05:11#appfire#1#appfire#1#appfire#1F7D8C4A-2F64-48DB-879F-52D916D577E0
73665C37-6485-4833-8152-3B5BA3100792#appfire#UserAccessLevelService#appfire#project3.app.server.service.UserAccessLevelService#appfire#{"resourceMapping":"/UserAccessLevel","defaultMethodType":"","defaultContentType":""}#appfire#{"repository":{"filePath":"project3/src/main/java/project3/app/server/service/UserAccessLevelService.java","fileName":"UserAccessLevelService.java"},"implementInterface":[],"extendsClass":[],"repositories":[{"repository":{"filePath":"project3/src/main/java/project3/app/server/repository/UserAccessLevelRepositoryImpl.java","fileName":"UserAccessLevelRepositoryImpl.java"},"implementInterface":[{"filePath":"project3/src/main/java/project3/app/server/repository/UserAccessLevelRepository.java","fileName":"UserAccessLevelRepository.java"}],"extendsClass":[{"fileName":"SearchInterfaceImpl.java","filePath":"project3/src/main/java/project3/app/server/repository/SearchInterfaceImpl.java","isDisplay":false}],"entities":{"filePath":"project3/src/main/java/project3/app/shared/authentication/UserAccessLevel.java","fileName":"UserAccessLevel.java"}}]}#appfire#I#appfire#UIBLEIKUKGKZYF986GJTLA#appfire#ba9dced8-453e-49a3-b627-d497a1f91b17#appfire#1#appfire#\N#appfire#2015-12-16 13:05:19#appfire#\N#appfire#2015-12-16 13:05:19#appfire#1#appfire#1#appfire#B203C3D4-4EEE-4FFE-B563-EB13239D2EA2
76747980-8A7C-43FE-9552-99F2626718AD#appfire#LoginService#appfire#project3.app.server.service.LoginService#appfire#{"resourceMapping":"/Login","defaultMethodType":"","defaultContentType":""}#appfire#{"repository":{"filePath":"project3/src/main/java/project3/app/server/service/LoginService.java","fileName":"LoginService.java"},"implementInterface":[],"extendsClass":[],"repositories":[{"repository":{"filePath":"project3/src/main/java/project3/app/server/repository/LoginRepositoryImpl.java","fileName":"LoginRepositoryImpl.java"},"implementInterface":[{"filePath":"project3/src/main/java/project3/app/server/repository/LoginRepository.java","fileName":"LoginRepository.java"}],"extendsClass":[{"fileName":"SearchInterfaceImpl.java","filePath":"project3/src/main/java/project3/app/server/repository/SearchInterfaceImpl.java","isDisplay":false}],"entities":{"filePath":"project3/src/main/java/project3/app/shared/authentication/Login.java","fileName":"Login.java"}}]}#appfire#I#appfire#UIBLEIKUKGKZYF986GJTLA#appfire#ba9dced8-453e-49a3-b627-d497a1f91b17#appfire#1#appfire#\N#appfire#2015-12-16 13:05:23#appfire#\N#appfire#2015-12-16 13:05:23#appfire#1#appfire#1#appfire#9D5F7993-FD6E-4306-9F02-6924E1A87E5A
76D147B0-7DF2-468D-ADD4-711A5FFB7A41#appfire#ContactTypeService#appfire#project3.app.server.service.ContactTypeService#appfire#{"resourceMapping":"/ContactType","defaultMethodType":"","defaultContentType":""}#appfire#{"repository":{"filePath":"project3/src/main/java/project3/app/server/service/ContactTypeService.java","fileName":"ContactTypeService.java"},"implementInterface":[],"extendsClass":[],"repositories":[{"repository":{"filePath":"project3/src/main/java/project3/app/server/repository/ContactTypeRepositoryImpl.java","fileName":"ContactTypeRepositoryImpl.java"},"implementInterface":[{"filePath":"project3/src/main/java/project3/app/server/repository/ContactTypeRepository.java","fileName":"ContactTypeRepository.java"}],"extendsClass":[{"fileName":"SearchInterfaceImpl.java","filePath":"project3/src/main/java/project3/app/server/repository/SearchInterfaceImpl.java","isDisplay":false}],"entities":{"filePath":"project3/src/main/java/project3/app/shared/contacts/ContactType.java","fileName":"ContactType.java"}}]}#appfire#I#appfire#UIBLEIKUKGKZYF986GJTLA#appfire#ba9dced8-453e-49a3-b627-d497a1f91b17#appfire#1#appfire#\N#appfire#2015-12-16 13:05:12#appfire#\N#appfire#2015-12-16 13:05:12#appfire#1#appfire#1#appfire#68D25F2A-0F8A-4E83-8EB1-9E5545EE1E6B
7B96962C-1AAC-4693-B2F1-A869EA672585#appfire#CommunicationGroupService#appfire#project3.app.server.service.CommunicationGroupService#appfire#{"resourceMapping":"/CommunicationGroup","defaultMethodType":"","defaultContentType":""}#appfire#{"repository":{"filePath":"project3/src/main/java/project3/app/server/service/CommunicationGroupService.java","fileName":"CommunicationGroupService.java"},"implementInterface":[],"extendsClass":[],"repositories":[{"repository":{"filePath":"project3/src/main/java/project3/app/server/repository/CommunicationGroupRepositoryImpl.java","fileName":"CommunicationGroupRepositoryImpl.java"},"implementInterface":[{"filePath":"project3/src/main/java/project3/app/server/repository/CommunicationGroupRepository.java","fileName":"CommunicationGroupRepository.java"}],"extendsClass":[{"fileName":"SearchInterfaceImpl.java","filePath":"project3/src/main/java/project3/app/server/repository/SearchInterfaceImpl.java","isDisplay":false}],"entities":{"filePath":"project3/src/main/java/project3/app/shared/contacts/CommunicationGroup.java","fileName":"CommunicationGroup.java"}}]}#appfire#I#appfire#UIBLEIKUKGKZYF986GJTLA#appfire#ba9dced8-453e-49a3-b627-d497a1f91b17#appfire#1#appfire#\N#appfire#2015-12-16 13:05:13#appfire#\N#appfire#2015-12-16 13:05:13#appfire#1#appfire#1#appfire#6C7EA788-5D13-4E6C-BFA5-BDCA146172AF
83DC3CD2-5045-4017-86D7-CCC6D4CC7671#appfire#CommunicationTypeService#appfire#project3.app.server.service.CommunicationTypeService#appfire#{"resourceMapping":"/CommunicationType","defaultMethodType":"","defaultContentType":""}#appfire#{"repository":{"filePath":"project3/src/main/java/project3/app/server/service/CommunicationTypeService.java","fileName":"CommunicationTypeService.java"},"implementInterface":[],"extendsClass":[],"repositories":[{"repository":{"filePath":"project3/src/main/java/project3/app/server/repository/CommunicationTypeRepositoryImpl.java","fileName":"CommunicationTypeRepositoryImpl.java"},"implementInterface":[{"filePath":"project3/src/main/java/project3/app/server/repository/CommunicationTypeRepository.java","fileName":"CommunicationTypeRepository.java"}],"extendsClass":[{"fileName":"SearchInterfaceImpl.java","filePath":"project3/src/main/java/project3/app/server/repository/SearchInterfaceImpl.java","isDisplay":false}],"entities":{"filePath":"project3/src/main/java/project3/app/shared/contacts/CommunicationType.java","fileName":"CommunicationType.java"}}]}#appfire#I#appfire#UIBLEIKUKGKZYF986GJTLA#appfire#ba9dced8-453e-49a3-b627-d497a1f91b17#appfire#1#appfire#\N#appfire#2015-12-16 13:05:13#appfire#\N#appfire#2015-12-16 13:05:13#appfire#1#appfire#1#appfire#F10F3BC7-FDD1-426D-B639-2320B078A43E
85338E58-5C64-4A8B-87A9-21D36F23228D#appfire#PasswordAlgoService#appfire#project3.app.server.service.PasswordAlgoService#appfire#{"resourceMapping":"/PasswordAlgo","defaultMethodType":"","defaultContentType":""}#appfire#{"repository":{"filePath":"project3/src/main/java/project3/app/server/service/PasswordAlgoService.java","fileName":"PasswordAlgoService.java"},"implementInterface":[],"extendsClass":[],"repositories":[{"repository":{"filePath":"project3/src/main/java/project3/app/server/repository/PasswordAlgoRepositoryImpl.java","fileName":"PasswordAlgoRepositoryImpl.java"},"implementInterface":[{"filePath":"project3/src/main/java/project3/app/server/repository/PasswordAlgoRepository.java","fileName":"PasswordAlgoRepository.java"}],"extendsClass":[{"fileName":"SearchInterfaceImpl.java","filePath":"project3/src/main/java/project3/app/server/repository/SearchInterfaceImpl.java","isDisplay":false}],"entities":{"filePath":"project3/src/main/java/project3/app/shared/authentication/PasswordAlgo.java","fileName":"PasswordAlgo.java"}}]}#appfire#I#appfire#UIBLEIKUKGKZYF986GJTLA#appfire#ba9dced8-453e-49a3-b627-d497a1f91b17#appfire#1#appfire#\N#appfire#2015-12-16 13:05:18#appfire#\N#appfire#2015-12-16 13:05:18#appfire#1#appfire#1#appfire#C2EB3981-0DF3-405A-9ABF-E2D71DB848AF
8E8D8141-88D0-41A2-BB74-C5D33EE8A214#appfire#AddressTypeService#appfire#project3.app.server.service.AddressTypeService#appfire#{"resourceMapping":"/AddressType","defaultMethodType":"","defaultContentType":""}#appfire#{"repository":{"filePath":"project3/src/main/java/project3/app/server/service/AddressTypeService.java","fileName":"AddressTypeService.java"},"implementInterface":[],"extendsClass":[],"repositories":[{"repository":{"filePath":"project3/src/main/java/project3/app/server/repository/AddressTypeRepositoryImpl.java","fileName":"AddressTypeRepositoryImpl.java"},"implementInterface":[{"filePath":"project3/src/main/java/project3/app/server/repository/AddressTypeRepository.java","fileName":"AddressTypeRepository.java"}],"extendsClass":[{"fileName":"SearchInterfaceImpl.java","filePath":"project3/src/main/java/project3/app/server/repository/SearchInterfaceImpl.java","isDisplay":false}],"entities":{"filePath":"project3/src/main/java/project3/app/shared/location/AddressType.java","fileName":"AddressType.java"}}]}#appfire#I#appfire#UIBLEIKUKGKZYF986GJTLA#appfire#ba9dced8-453e-49a3-b627-d497a1f91b17#appfire#1#appfire#\N#appfire#2015-12-16 13:05:10#appfire#\N#appfire#2015-12-16 13:05:10#appfire#1#appfire#1#appfire#273D68E8-9017-4A3C-AC7E-481EB31E9AA6
9C5A9650-4517-4448-B025-57E74E4D1B34#appfire#AppCustomerService#appfire#project3.app.server.service.AppCustomerService#appfire#{"resourceMapping":"/AppCustomer","defaultMethodType":"","defaultContentType":""}#appfire#{"repository":{"filePath":"project3/src/main/java/project3/app/server/service/AppCustomerService.java","fileName":"AppCustomerService.java"},"implementInterface":[],"extendsClass":[],"repositories":[{"repository":{"filePath":"project3/src/main/java/project3/app/server/repository/AppCustomerRepositoryImpl.java","fileName":"AppCustomerRepositoryImpl.java"},"implementInterface":[{"filePath":"project3/src/main/java/project3/app/server/repository/AppCustomerRepository.java","fileName":"AppCustomerRepository.java"}],"extendsClass":[{"fileName":"SearchInterfaceImpl.java","filePath":"project3/src/main/java/project3/app/server/repository/SearchInterfaceImpl.java","isDisplay":false}],"entities":{"filePath":"project3/src/main/java/project3/app/shared/customers/AppCustomer.java","fileName":"AppCustomer.java"}}]}#appfire#I#appfire#UIBLEIKUKGKZYF986GJTLA#appfire#ba9dced8-453e-49a3-b627-d497a1f91b17#appfire#1#appfire#\N#appfire#2015-12-16 13:05:31#appfire#\N#appfire#2015-12-16 13:05:31#appfire#1#appfire#1#appfire#2CD76C23-0C5C-479E-B677-FF06BFDC510A
AB112298-7A64-4231-ADA7-B861407E61D2#appfire#LanguageService#appfire#project3.app.server.service.LanguageService#appfire#{"resourceMapping":"/Language","defaultMethodType":"","defaultContentType":""}#appfire#{"repository":{"filePath":"project3/src/main/java/project3/app/server/service/LanguageService.java","fileName":"LanguageService.java"},"implementInterface":[],"extendsClass":[],"repositories":[{"repository":{"filePath":"project3/src/main/java/project3/app/server/repository/LanguageRepositoryImpl.java","fileName":"LanguageRepositoryImpl.java"},"implementInterface":[{"filePath":"project3/src/main/java/project3/app/server/repository/LanguageRepository.java","fileName":"LanguageRepository.java"}],"extendsClass":[{"fileName":"SearchInterfaceImpl.java","filePath":"project3/src/main/java/project3/app/server/repository/SearchInterfaceImpl.java","isDisplay":false}],"entities":{"filePath":"project3/src/main/java/project3/app/shared/location/Language.java","fileName":"Language.java"}}]}#appfire#I#appfire#UIBLEIKUKGKZYF986GJTLA#appfire#ba9dced8-453e-49a3-b627-d497a1f91b17#appfire#1#appfire#\N#appfire#2015-12-16 13:05:03#appfire#\N#appfire#2015-12-16 13:05:03#appfire#1#appfire#1#appfire#5C5D0C9D-0A4D-4373-A9BE-503DC16D84DE
B7019E7F-964D-4623-998A-5D1E3D1DA470#appfire#CityService#appfire#project3.app.server.service.CityService#appfire#{"resourceMapping":"/City","defaultMethodType":"","defaultContentType":""}#appfire#{"repository":{"filePath":"project3/src/main/java/project3/app/server/service/CityService.java","fileName":"CityService.java"},"implementInterface":[],"extendsClass":[],"repositories":[{"repository":{"filePath":"project3/src/main/java/project3/app/server/repository/CityRepositoryImpl.java","fileName":"CityRepositoryImpl.java"},"implementInterface":[{"filePath":"project3/src/main/java/project3/app/server/repository/CityRepository.java","fileName":"CityRepository.java"}],"extendsClass":[{"fileName":"SearchInterfaceImpl.java","filePath":"project3/src/main/java/project3/app/server/repository/SearchInterfaceImpl.java","isDisplay":false}],"entities":{"filePath":"project3/src/main/java/project3/app/shared/location/City.java","fileName":"City.java"}}]}#appfire#I#appfire#UIBLEIKUKGKZYF986GJTLA#appfire#ba9dced8-453e-49a3-b627-d497a1f91b17#appfire#1#appfire#\N#appfire#2015-12-16 13:05:07#appfire#\N#appfire#2015-12-16 13:05:07#appfire#1#appfire#1#appfire#0CA38FED-6B8E-497C-9479-BE6C12DF0BBB
B9923100-19A0-4553-9BD7-08C7A24BCA68#appfire#CountryService#appfire#project3.app.server.service.CountryService#appfire#{"resourceMapping":"/Country","defaultMethodType":"","defaultContentType":""}#appfire#{"repository":{"filePath":"project3/src/main/java/project3/app/server/service/CountryService.java","fileName":"CountryService.java"},"implementInterface":[],"extendsClass":[],"repositories":[{"repository":{"filePath":"project3/src/main/java/project3/app/server/repository/CountryRepositoryImpl.java","fileName":"CountryRepositoryImpl.java"},"implementInterface":[{"filePath":"project3/src/main/java/project3/app/server/repository/CountryRepository.java","fileName":"CountryRepository.java"}],"extendsClass":[{"fileName":"SearchInterfaceImpl.java","filePath":"project3/src/main/java/project3/app/server/repository/SearchInterfaceImpl.java","isDisplay":false}],"entities":{"filePath":"project3/src/main/java/project3/app/shared/location/Country.java","fileName":"Country.java"}}]}#appfire#I#appfire#UIBLEIKUKGKZYF986GJTLA#appfire#ba9dced8-453e-49a3-b627-d497a1f91b17#appfire#1#appfire#\N#appfire#2015-12-16 13:05:04#appfire#\N#appfire#2015-12-16 13:05:04#appfire#1#appfire#1#appfire#3DEE2EBF-EC62-4DB4-8E72-0E8FB1BCF683
BB134952-AD04-44A7-B1CF-A5C0C43C365A#appfire#AppCustomerTypeService#appfire#project3.app.server.service.AppCustomerTypeService#appfire#{"resourceMapping":"/AppCustomerType","defaultMethodType":"","defaultContentType":""}#appfire#{"repository":{"filePath":"project3/src/main/java/project3/app/server/service/AppCustomerTypeService.java","fileName":"AppCustomerTypeService.java"},"implementInterface":[],"extendsClass":[],"repositories":[{"repository":{"filePath":"project3/src/main/java/project3/app/server/repository/AppCustomerTypeRepositoryImpl.java","fileName":"AppCustomerTypeRepositoryImpl.java"},"implementInterface":[{"filePath":"project3/src/main/java/project3/app/server/repository/AppCustomerTypeRepository.java","fileName":"AppCustomerTypeRepository.java"}],"extendsClass":[{"fileName":"SearchInterfaceImpl.java","filePath":"project3/src/main/java/project3/app/server/repository/SearchInterfaceImpl.java","isDisplay":false}],"entities":{"filePath":"project3/src/main/java/project3/app/shared/customers/AppCustomerType.java","fileName":"AppCustomerType.java"}}]}#appfire#I#appfire#UIBLEIKUKGKZYF986GJTLA#appfire#ba9dced8-453e-49a3-b627-d497a1f91b17#appfire#1#appfire#\N#appfire#2015-12-16 13:05:30#appfire#\N#appfire#2015-12-16 13:05:30#appfire#1#appfire#1#appfire#4A74791D-E2C0-4ED5-8B6D-E37DEC5E26FD
DBF8549F-4631-4421-8026-2CD1E13D12AE#appfire#UserRoleBridgeService#appfire#project3.app.server.service.UserRoleBridgeService#appfire#{"resourceMapping":"/UserRoleBridge","defaultMethodType":"","defaultContentType":""}#appfire#{"repository":{"filePath":"project3/src/main/java/project3/app/server/service/UserRoleBridgeService.java","fileName":"UserRoleBridgeService.java"},"implementInterface":[],"extendsClass":[],"repositories":[{"repository":{"filePath":"project3/src/main/java/project3/app/server/repository/UserRoleBridgeRepositoryImpl.java","fileName":"UserRoleBridgeRepositoryImpl.java"},"implementInterface":[{"filePath":"project3/src/main/java/project3/app/server/repository/UserRoleBridgeRepository.java","fileName":"UserRoleBridgeRepository.java"}],"extendsClass":[{"fileName":"SearchInterfaceImpl.java","filePath":"project3/src/main/java/project3/app/server/repository/SearchInterfaceImpl.java","isDisplay":false}],"entities":{"filePath":"project3/src/main/java/project3/app/shared/authorization/UserRoleBridge.java","fileName":"UserRoleBridge.java"}}]}#appfire#I#appfire#UIBLEIKUKGKZYF986GJTLA#appfire#ba9dced8-453e-49a3-b627-d497a1f91b17#appfire#1#appfire#\N#appfire#2015-12-16 13:05:29#appfire#\N#appfire#2015-12-16 13:05:29#appfire#1#appfire#1#appfire#0F54E430-798C-470F-B8C1-DA2E2BF03EB3
E0280796-3DED-441E-B878-3B61B5BEE93C#appfire#TitleService#appfire#project3.app.server.service.TitleService#appfire#{"resourceMapping":"/Title","defaultMethodType":"","defaultContentType":""}#appfire#{"repository":{"filePath":"project3/src/main/java/project3/app/server/service/TitleService.java","fileName":"TitleService.java"},"implementInterface":[],"extendsClass":[],"repositories":[{"repository":{"filePath":"project3/src/main/java/project3/app/server/repository/TitleRepositoryImpl.java","fileName":"TitleRepositoryImpl.java"},"implementInterface":[{"filePath":"project3/src/main/java/project3/app/server/repository/TitleRepository.java","fileName":"TitleRepository.java"}],"extendsClass":[{"fileName":"SearchInterfaceImpl.java","filePath":"project3/src/main/java/project3/app/server/repository/SearchInterfaceImpl.java","isDisplay":false}],"entities":{"filePath":"project3/src/main/java/project3/app/shared/contacts/Title.java","fileName":"Title.java"}}]}#appfire#I#appfire#UIBLEIKUKGKZYF986GJTLA#appfire#ba9dced8-453e-49a3-b627-d497a1f91b17#appfire#1#appfire#\N#appfire#2015-12-16 13:05:14#appfire#\N#appfire#2015-12-16 13:05:14#appfire#1#appfire#1#appfire#484D27AB-ADC8-498A-BF20-1BDAFFFDE236
E334BA1F-7AD8-4D0E-96F0-E58529DDEA65#appfire#UserAccessDomainService#appfire#project3.app.server.service.UserAccessDomainService#appfire#{"resourceMapping":"/UserAccessDomain","defaultMethodType":"","defaultContentType":""}#appfire#{"repository":{"filePath":"project3/src/main/java/project3/app/server/service/UserAccessDomainService.java","fileName":"UserAccessDomainService.java"},"implementInterface":[],"extendsClass":[],"repositories":[{"repository":{"filePath":"project3/src/main/java/project3/app/server/repository/UserAccessDomainRepositoryImpl.java","fileName":"UserAccessDomainRepositoryImpl.java"},"implementInterface":[{"filePath":"project3/src/main/java/project3/app/server/repository/UserAccessDomainRepository.java","fileName":"UserAccessDomainRepository.java"}],"extendsClass":[{"fileName":"SearchInterfaceImpl.java","filePath":"project3/src/main/java/project3/app/server/repository/SearchInterfaceImpl.java","isDisplay":false}],"entities":{"filePath":"project3/src/main/java/project3/app/shared/authentication/UserAccessDomain.java","fileName":"UserAccessDomain.java"}}]}#appfire#I#appfire#UIBLEIKUKGKZYF986GJTLA#appfire#ba9dced8-453e-49a3-b627-d497a1f91b17#appfire#1#appfire#\N#appfire#2015-12-16 13:05:20#appfire#\N#appfire#2015-12-16 13:05:20#appfire#1#appfire#1#appfire#6E02B657-83FC-4512-BC0C-2ED6DB843C99
F0300FD7-8AC6-44A4-BC2D-DA9E67364600#appfire#TimezoneService#appfire#project3.app.server.service.TimezoneService#appfire#{"resourceMapping":"/Timezone","defaultMethodType":"","defaultContentType":""}#appfire#{"repository":{"filePath":"project3/src/main/java/project3/app/server/service/TimezoneService.java","fileName":"TimezoneService.java"},"implementInterface":[],"extendsClass":[],"repositories":[{"repository":{"filePath":"project3/src/main/java/project3/app/server/repository/TimezoneRepositoryImpl.java","fileName":"TimezoneRepositoryImpl.java"},"implementInterface":[{"filePath":"project3/src/main/java/project3/app/server/repository/TimezoneRepository.java","fileName":"TimezoneRepository.java"}],"extendsClass":[{"fileName":"SearchInterfaceImpl.java","filePath":"project3/src/main/java/project3/app/server/repository/SearchInterfaceImpl.java","isDisplay":false}],"entities":{"filePath":"project3/src/main/java/project3/app/shared/location/Timezone.java","fileName":"Timezone.java"}}]}#appfire#I#appfire#UIBLEIKUKGKZYF986GJTLA#appfire#ba9dced8-453e-49a3-b627-d497a1f91b17#appfire#1#appfire#\N#appfire#2015-12-16 13:05:03#appfire#\N#appfire#2015-12-16 13:05:03#appfire#1#appfire#1#appfire#7C6AEF2D-7FB4-41D0-AB00-392CA2F6CC3A
FB3E6DA9-5FB0-452E-A298-BF8CCEF46220#appfire#AppCustomerCategoryService#appfire#project3.app.server.service.AppCustomerCategoryService#appfire#{"resourceMapping":"/AppCustomerCategory","defaultMethodType":"","defaultContentType":""}#appfire#{"repository":{"filePath":"project3/src/main/java/project3/app/server/service/AppCustomerCategoryService.java","fileName":"AppCustomerCategoryService.java"},"implementInterface":[],"extendsClass":[],"repositories":[{"repository":{"filePath":"project3/src/main/java/project3/app/server/repository/AppCustomerCategoryRepositoryImpl.java","fileName":"AppCustomerCategoryRepositoryImpl.java"},"implementInterface":[{"filePath":"project3/src/main/java/project3/app/server/repository/AppCustomerCategoryRepository.java","fileName":"AppCustomerCategoryRepository.java"}],"extendsClass":[{"fileName":"SearchInterfaceImpl.java","filePath":"project3/src/main/java/project3/app/server/repository/SearchInterfaceImpl.java","isDisplay":false}],"entities":{"filePath":"project3/src/main/java/project3/app/shared/customers/AppCustomerCategory.java","fileName":"AppCustomerCategory.java"}}]}#appfire#I#appfire#UIBLEIKUKGKZYF986GJTLA#appfire#ba9dced8-453e-49a3-b627-d497a1f91b17#appfire#1#appfire#\N#appfire#2015-12-16 13:05:30#appfire#\N#appfire#2015-12-16 13:05:30#appfire#1#appfire#1#appfire#817DA35A-2A34-4EC8-9515-041AC1A16770
